n1,n5,n10,n20,n50,n100,n500,n1000,f1,f5,f10,f20,f50,f100,f500,f1000,fil1,fil,fil10,fil20,fil50,fil100,fil500,fil1000,lil1,lil5,lil10,lil20,lil50,lil100,lil500,lil1000,etn,etf,at,atmin,atmax
1.0000,1.0000,1.0000,1.0000,1.0000,0.9800,0.9640,0.9390,1.0000,0.8000,0.7000,0.8000,0.8800,0.7800,0.7180,0.6730,0.0000,0.0000,0.0000,0.0000,0.0000,0.0000,0.0000,0.0000,343914.0000,343914.0000,343914.0000,343914.0000,343914.0000,343914.0000,343914.0000,343914.0000,1.4325,1.1011,0.0841,0.0672,0.11301.0000,1.0000,1.0000,1.0000,0.9800,0.9600,0.8460,0.7970,0.0000,0.8000,0.8000,0.8500,0.8600,0.8300,0.6740,0.6360,0.0000,0.0000,0.0000,0.0000,0.0000,0.0000,0.0000,0.0000,343913.0000,343913.0000,343913.0000,343913.0000,343913.0000,343913.0000,343913.0000,343913.0000,1.0814,1.2916,0.0970,0.0728,0.13521.0000,1.0000,1.0000,0.9500,0.9800,0.9600,0.9240,0.8750,1.0000,1.0000,1.0000,0.9500,0.9000,0.9300,0.9460,0.9480,0.0000,0.0000,0.0000,0.0000,0.0000,0.0000,0.0000,0.0000,343914.0000,343914.0000,343914.0000,343914.0000,343914.0000,343914.0000,343914.0000,343914.0000,1.2150,1.1169,0.0938,0.0678,0.13171.0000,1.0000,1.0000,1.0000,0.9800,0.9700,0.9640,0.9290,1.0000,1.0000,1.0000,1.0000,1.0000,1.0000,1.0000,0.9960,0.0000,0.0000,0.0000,0.0000,0.0000,0.0000,0.0000,0.0000,343914.0000,343914.0000,343914.0000,343914.0000,343914.0000,343914.0000,343914.0000,343914.0000,1.1931,1.1205,0.1050,0.0626,0.15441.0000,1.0000,1.0000,1.0000,1.0000,1.0000,0.9960,0.9730,0.0000,0.4000,0.6000,0.6000,0.6200,0.7100,0.6260,0.5810,0.0000,0.0000,0.0000,0.0000,0.0000,0.0000,0.0000,0.0000,343913.0000,343913.0000,343913.0000,343913.0000,343913.0000,343913.0000,343913.0000,343913.0000,1.5322,1.5877,0.1543,0.0811,0.9988